{
    "config":{
	   "settings":{
			"Units":"msw",
			"SetPoint_Is_Bar":true,
			"Altitude_Dive_Algorithm":false,
			"Minimum_Deco_Stop_Time":1.0,
			"Critical_Radius_N2_Microns":0.6,
			"Critical_Radius_He_Microns":0.5,
			"Critical_Volume_Algorithm":true,
			"Crit_Volume_Parameter_Lambda":7500.0,
			"Gradient_Onset_of_Imperm_Atm":8.2,
			"Surface_Tension_Gamma":0.0179,
			"Skin_Compression_GammaC":0.257,
			"Regeneration_Time_Constant":20160.0,
			"Pressure_Other_Gases_mmHg":102.0,
			"CCR_Mode":false,
			"Default_Step_Size": 3.0,
			"Default_Ascent_Rate": -10
		},
		"altitude":{
			"Altitude_of_Dive":0,
			"Diver_Acclimatized_at_Altitude":true,
			"Starting_Acclimatized_Altitude":0,
			"Ascent_to_Altitude_Hours":0,
			"Hours_at_Altitude_Before_Dive":0
		},
		"gases":[
			{"name":"Air",
			"active":false,
			"gasmix_summary":{"fraction_O2" : 0.21,
							  "fraction_He" : 0.0,
							   "fraction_N2" : 0.79}
			},
			{"name":"Trimix 15/45",
			"active":true,
			"gasmix_summary":{"fraction_O2" : 0.15,
							  "fraction_He" : 0.45,
							   "fraction_N2" : 0.40}
			}
		],
		"setpoints":[ 0.7, 1.3],
		"oxygauge" :{
				"saltwater": true,
    		"calibrations" : [ 0.017705, 0.01691, 0.019],
    		"curr_setpoint" : 0,
    		"pid": {
        		"kp": 2.0,
        		"ki": 5.0,
        		"kd": 1.0
      	},
    		"setpoints" : [0.7, 1.3],
    		"autopower" :0,
    		"last_logfile" : "",
    		"cal_custom" : 10.0,
    		"orientation" : 0,
    		"host" : "oxygauge-webupdate",
    		"SSID" : "TP-LINK_719B",
    		"wifi_password" : "63953145",
    		"AP_SSID" : "OxyGauge",
    		"AP_password" : "OxyGauge",
    		"user" : "admin",
    		"password" : "thingy",
    		"syslog" : "192.168.29.107",
    		"NTP" : "uk.pool.ntp.org",
    		"splash_width" : 118,
    		"splash_height" : 22,
    		"splash":[0,0,0,0,0,224,0,0,0,0,0,0,0,0,0,0,
					120,0,0,0,252,0,0,0,0,0,96,0,192,0,0,124,
					0,0,0,255,0,0,0,0,0,112,0,224,1,0,126,0,
					0,192,111,0,0,0,0,0,120,0,248,3,128,255,0,0,
					224,19,0,0,0,0,0,116,0,60,2,128,207,0,0,240,
					1,0,0,0,0,0,48,0,14,3,192,195,0,0,120,32,
					0,0,0,0,0,56,0,6,2,224,193,24,0,56,112,48,
					0,193,0,0,56,0,7,3,240,64,156,156,28,56,62,152,
					241,224,1,28,128,131,1,112,96,94,206,12,28,47,204,57,
					177,1,12,128,129,1,112,96,58,231,14,159,51,238,156,219,
					0,14,128,193,0,48,48,24,115,134,205,57,115,206,109,0,
					14,192,225,0,48,56,152,123,229,204,28,123,230,29,0,14,
					128,113,0,48,28,220,191,60,214,158,239,183,14,1,6,130,
					57,0,32,15,122,87,28,207,123,255,222,253,0,6,131,31,
					0,224,3,59,122,0,135,57,98,204,120,0,4,1,15,0,
					0,0,0,56,128,3,0,0,96,0,0,0,0,0,0,0,
					0,0,28,192,0,0,0,48,0,0,0,0,0,0,0,0,
					0,12,224,0,0,0,24,0,0,0,0,0,0,0,0,0,
					12,112,0,0,0,28,0,0,0,0,0,0,0,0,0,6,
					56,0,0,0,14,0,0,0,0,0,0,0,0,0,0,24,
					0,0,0,2,0,0,0,0,0,0,0]

    	}
	}
}